NA,watching MS Dhoni  The Untold Story Full Movie
NA,RT  MSDhoniTheUntoldStory Becomes The Highest Grossing Biopic Ever 2nd Week Box Office Report
NA,Box Office MS Dhoni has a good second week set to be third highest grosser of 2016  news
NA,Anyone want PVR starpass for MS Dhoni movie
NA,RT  Seed An Untold Story film by Taggart Siegel  ft  from our book Visions of the Living See
NA,Kaun TujheFull Song HD ft Amaal Mallik MS Dhoni 2016  via
NA,RT  MSDhoniTheUntoldStory Becomes The Highest Grossing Biopic Ever 2nd Week Box Office Report
NA,MS Dhoni was not paid Rs 40 cr says director Neeraj Pandey
NA,The untold story about the release of Chibok girls
NA,RT  Seed An Untold Story film by Taggart Siegel  ft  from our book Visions of the Living See
NA,RT  VOTE Who Do You Feel Is The Real Man Of The Match Of 2011 World Cup Gambhir Or MS Dhoni
NA,In light of what we now know this is a compelling Must Read providing the background into Trumps emptiness
NA,RT  MS dhoni क movie न यह आकड 9 दन100cr म पर कय थ और  ज क movie न मतर 6 दन म113cr Li
NA,RT   Im afraid but have no option other than 2 start on twitterI supported Trump but
NA,RT  If players like Viru Yuvi bhajji are result of Dadas captaincy then Ashwin Jaddu Shami are result of Dhonis captaincy
NA,RT  Just watched  The Untold Story  deshbhakti u know the citizenship u dont
NA,RT  By this logic CK Nayudu is responsible for this current Indian team
NA,RT  அஅணட தட ஹலகபடர ஷட ஸபட ஊஊஊ
NA,dhoni gaademo vv vinayak Rajamouli movie heroes laaga 20 mins ki oka elevation tho rechipotaadu
NA,RT  I Slogged a bit extra on my skills to compensate If you get interested in thatpls do watch the film sir
NA,"RT  The Untold Story of Silk Road Part 1  WIRED
 bitcoin related story"
NA,RT  though my favo is Dhoni but I gave my vote to Gauti Happy Bday Gauti
NA,RT  VOTE Who Do You Feel Is The Real Man Of The Match Of 2011 World Cup Gambhir Or MS Dhoni
NA,"newsbtc RT keyzen The Untold Story of Silk Road Part 1  WIRED
 bitcoin related story"
NA,RT  I Slogged a bit extra on my skills to compensate If you get interested in thatpls do watch the film sir
NA,RT  The Untold story behind two World cup finals   75 in 2007 WC Final  97 in 2011 WC final
NA,BANISHED  The Untold Story of Danney Williams  via
NA,BANISHED  The Untold Story of Danney Williams  via
NA,RT  The first official teaser for ANDY The Untold Story of Andy Irons is here Watch it now
NA,SushantSinghRajput as MSDhoni  watching MS DhoniThe Untold Story
NA,See Who is Back Captain Cool MSDhoni is Back with Boys for the ODI Serries  IndVsNz  via
NA,Dhonis wife Sakshi caught in multicrore fraud case
NA,SushantSinghRajput as MSDhoni  watching MS Dhoni The Untold Story
NA,mhmm
NA,RT
NA,BEIIMAANLOVE INFERNO MOTUPATLU SAATUCHCHAKE MSDhoni MSGTHE WARRIORLIONHEART and other movies in Indore
NA,BANISHED  The Untold Story of Danney Williams  via  sipstea
NA,dhoni film become hit coz of dhoni not ssr
NA,RT  Seed An Untold Story film by Taggart Siegel  ft  from our book Visions of the Living See
NA,MS Dhoni  The Untold Story Becomes The Highest Grossing Biopic Ever 2nd Week Box Office Report In its tw
NA,MS Dhoni  The Untold Story Becomes The Highest Grossing Biopic Ever 2nd Week Box Office Report In its tw
NA,From FEATURED FB Michelle Irwin Author with Declan Reede The Untold Story Complete Series hop on over to
NA,Success India vs NZ Dhonis challenge is to replicate Test success in ODI series
NA,RT  Remember to funk it up this weekend with TEAR THE ROOF OFF THE UNTOLD STORY OF FUNKADELIC 101416 only pfunk
NA,Andy The Untold Story of Andy Irons
NA,Choose best quality headphones listen to Phir Kabhi from MS Dhoni
NA,"RT  Need 24 Runs In 6 Balls
  Mitchell Starc
 Your Batsmen 
 Kohli De Villiers Dhoni"
NA,"RT  Need 24 Runs In 6 Balls
  Mitchell Starc
 Your Batsmen 
 Kohli De Villiers Dhoni"
NA,"RT  Need 24 Runs In 6 Balls
  Mitchell Starc
 Your Batsmen 
 Kohli De Villiers Dhoni"
NA,"RT  Need 24 Runs In 6 Balls
  Mitchell Starc
 Your Batsmen 
 Kohli De Villiers Dhoni"
NA,"RT  Need 24 Runs In 6 Balls
  Mitchell Starc
 Your Batsmen 
 Kohli De Villiers Dhoni"
NA,"RT  Need 24 Runs In 6 Balls
  Mitchell Starc
 Your Batsmen 
 Kohli De Villiers Dhoni"
NA,"RT  Need 24 Runs In 6 Balls
  Mitchell Starc
 Your Batsmen 
 Kohli De Villiers Dhoni"
NA,"RT  Need 24 Runs In 6 Balls
  Mitchell Starc
 Your Batsmen 
 Kohli De Villiers Dhoni"
NA,"RT  Need 24 Runs In 6 Balls
  Mitchell Starc
 Your Batsmen 
 Kohli De Villiers Dhoni"
NA,"RT  Need 24 Runs In 6 Balls
  Mitchell Starc
 Your Batsmen 
 Kohli De Villiers Dhoni"
NA,"RT  Need 24 Runs In 6 Balls
  Mitchell Starc
 Your Batsmen 
 Kohli De Villiers Dhoni"
NA,"RT  Need 24 Runs In 6 Balls
  Mitchell Starc
 Your Batsmen 
 Kohli De Villiers Dhoni"
NA,"RT  Need 24 Runs In 6 Balls
  Mitchell Starc
 Your Batsmen 
 Kohli De Villiers Dhoni"
NA,"RT  Need 24 Runs In 6 Balls
  Mitchell Starc
 Your Batsmen 
 Kohli De Villiers Dhoni"
NA,"RT  Need 24 Runs In 6 Balls
  Mitchell Starc
 Your Batsmen 
 Kohli De Villiers Dhoni"
NA,RT  A rare picture of MS Dhoni rejoicing and Dada blushing
NA,RT  MS Dhoni  The Untold Story is now the highest earning biopic ever made in Indian cinema and it had collected 1127 Cr so f
NA,"RT  PeoplesAssembly
 Freedom"
NA,Congratulations to all the winners of JerseyNumber7 contest on winning MS Dhoni The Untold Story movie vouchers
NA,RT  A rare picture of MS Dhoni rejoicing and Dada blushing
NA,Flash  Box Office MS Dhoni has a good second week set to be third highest grosser of 2  celebs choice
NA,Flash  Box Office MS Dhoni has a good second week set to be third highest grosser of 2  celebs choice
NA,RT  A rare picture of MS Dhoni rejoicing and Dada blushing
NA,Both tha but option illa atha naala Thala
NA,RT  VOTE Who Do You Feel Is The Real Man Of The Match Of 2011 World Cup Gambhir Or MS Dhoni
NA,सकष क कस लग फलम MSDHONI म धन क पतन बन दश पटन क अभनय  जनन क लए कलक कर
NA,RT  The Untold story behind two World cup finals   75 in 2007 WC Final  97 in 2011 WC final
NA,35 Review on M by rahulsaini1248
NA,Butler in the Paths of Dhoni
NA,RT  Seed An Untold Story film by Taggart Siegel  ft  from our book Visions of the Living See
NA,Hindustan TimesIndia vs NZ Dhonis challenge is to replicate Test success in ODI seriesHindustan TimesAfter
NA,RT  A rare picture of MS Dhoni rejoicing and Dada blushing
NA,RT  The real TBT  The untold story of Makonde
NA,The King is back MS Dhoni has reached Dharamsala alongwith Indian Cricket Team pics
NA,RT  CPIM goons brutally killed couples in the daylight reason they left CPIM amp associated with RSS Untold story of sa
NA,RT  सकष क कस लग फलम MSDHONI म धन क पतन बन दश पटन क अभनय  जनन क लए कलक कर
NA,RT  The King is back MS Dhoni has reached Dharamsala alongwith Indian Cricket Team Days To Go For 1st ODI
NA,RT  A rare picture of MS Dhoni rejoicing and Dada blushing
NA,Boycotting UCC by minorities is as useless as PAK banned MS dhoni movie Both dont make any sense
NA,RT  Sushant ne Dhoni ki biopic me  performance di
NA,RT  Seed An Untold Story film by Taggart Siegel  ft  from our book Visions of the Living See
NA,RT  Teacher Tell me the name of any Product Excel Word Powerpoint thinking a
NA,RT  DishaPatani played Dhonis late girlfriend in the film
NA,RT  VOTE Who Do You Feel Is The Real Man Of The Match Of 2011 World Cup Gambhir Or MS Dhoni
NA,RT  Congratulations to all the winners of JerseyNumber7 contest on winning MS Dhoni The Untold Story movie vouchers h
NA,Box Office MS Dhoni has a good second week set to be third highest grosser of 2016 this weekend It has man
NA,Box Office MS Dhoni has a good second week set to be third highest grosser of 2016 this weekend It has man
NA,RT  A rare picture of MS Dhoni rejoicing and Dada blushing
NA,RT  MSDhoniTheUntoldStory    KaunTujhe is just superb song amp your voice create a magic in the life of Dho
NA,RT  From superstar Sushant to MSD nostalgia 7 thoughts after watching MS Dhonis biopic  by
NA,RT  Seed An Untold Story film by Taggart Siegel  ft  from our book Visions of the Living See
NA,RT  MS dhoni क movie न यह आकड 9 दन100cr म पर कय थ और  ज क movie न मतर 6 दन म113cr Li
NA,RT  न Messi मन परय नत Ronaldo बमल घरत न पयर Dhoni मन परय नत sammi परस खडक न पयर र न
NA,RT  A rare picture of MS Dhoni rejoicing and Dada blushing
NA,RT  A rare picture of MS Dhoni rejoicing and Dada blushing
NA,RT  Bill Clintons son speaks out Asks for DNA test   BlackLivesMatter
NA,RT  Just watched  The Untold Story  deshbhakti u know the citizenship u dont
NA,RT  Bills alleged son SPEAKS  If BlackLivesMatter to Clintons why doesnt  m
NA,RT  VOTE Who Do You Feel Is The Real Man Of The Match Of 2011 World Cup Gambhir Or MS Dhoni
NA,RT  Teacher Tell me the name of any Product Excel Word Powerpoint thinking a
NA,RT  The first official teaser for ANDY The Untold Story of Andy Irons is here Watch it now
NA,RT    today i mad for movie MS dhoni but she always crazy for u Plz reply
NA,RT  VOTE Who Do You Feel Is The Real Man Of The Match Of 2011 World Cup Gambhir Or MS Dhoni
NA,RT  I Slogged a bit extra on my skills to compensate If you get interested in thatpls do watch the film sir
NA,RT  CPIM goons brutally killed couples in the daylight reason they left CPIM amp associated with RSS Untold story of sa
NA,55 Review on M by dgurjar084  MSDhoniTheUntoldStory
NA,India vs NZ Dhonis challenge is to replicate Test success in ODI series
NA,RT  At Rs 11691 cr MS Dhoni is the highest earning Bollywood biopic ever
NA,Disha Patani Sakshi Dhoni liked my performance in MS Dhoni The Untold Story
NA,I liked a  video from   joelbenjamin528 The Untold Story Of Young Pharaoh
NA,I liked a  video from   MSDhoni  The Untold Story Movie  Spoof  Mahendra Singh
NA,"MS Dhoni Returns as Ashwin and Jadeja Rested for First Three ODIs
 MSDhoni"
NA,The greatest story is the one thats untold
NA,RT  Dhoni had the advantage of inheriting a team of high class players while Kohli began with rather inexperienced ones
NA,RT  From superstar Sushant to MSD nostalgia 7 thoughts after watching MS Dhonis biopic  by
NA,"RT  Selfie with Dhoni Paaji
 Dhoni"
NA,RT  Jai Ho MS Dhoni The Untold Story becomes highest earning biopic
NA,"MS Dhoni Returns as Ashwin and Jadeja Rested for First Three ODIs
 MSDhoni"
NA,RT  MS Dhoni  The Untold Story biggest earning biopic in Indian cinema claim makers
NA,RT   lol dhoni record is in danger now
NA,RT  Banished The Untold Story of Danney Williams Search For His Father  Alex Jones Infowar  ht
NA,"RT  MS Dhoni Returns as Ashwin and Jadeja Rested for First Three ODIs
 MSDhoni"
NA,MS Dhoni The Untold Story Box Office Collections
NA,"RT  Dhoni biopic grosses over Rs 100 crore
  MSDhoniTheUntoldStory"
NA,ExtraKhushi toh tab Hoti Hain jab Dhoni smile karta Hain msdian ChennaiyinFC  IdhuChennaiDa MSDhoni
NA,India vs NZ Dhonis challenge is to replicate Test success in ODI series
NA,RT  VIDEO This ad featuring  and his childhood friends Chittu amp Chottu is pure gold
NA,RT  I Slogged a bit extra on my skills to compensate If you get interested in thatpls do watch the film sir
NA,RT    meets child actor Zeeshan who plays the younger Dhoni in MSDhoniTheUntoldStory
NA,EXCLUSIVE BO ReportPart 1 27 cr plus in 2nd week  2nd Week BO Collection Of MS DHONI
NA,Seriously watching the Andy movie trailer
NA,RT  MSDhoniTheUntoldStory Becomes The Highest Grossing Biopic Ever 2nd Week Box Office Report
NA,Mahendra Singh Dhoni will return to lead the side meaning Test captain Virat Kohli goes back into the ranks
NA,And without their front line seamers and spinners this fucking media wants dhoni to replicate the test series result  Notfair
NA,RT   Vote for Dhoni songs
NA,RT  Mahendra Singh Dhoni will return to lead the side meaning Test captain Virat Kohli goes back into the ranks
NA,RT  The Untold story behind two World cup finals   75 in 2007 WC Final  97 in 2011 WC final
NA,RT  VOTE Who Do You Feel Is The Real Man Of The Match Of 2011 World Cup Gambhir Or MS Dhoni
NA,RT  Reality about  358run knock in  biopic DhoniUntoldStory
NA,Maka proud gud ang Sirao A Love Story Untold oy  Congrats for everyone who participated and joined the GenMath Film Feast
NA,RT  Mahendra Singh Dhoni will return to lead the side meaning Test captain Virat Kohli goes back into the ranks
NA,RT  IndvsNZ  ViratKohli reveals how MSDhoni helped him become a better Test captain
NA,I saw your movie u are looking very and  cute your smile
NA,RT  RanjiTrophy One time TTE MS Dhoni checks in at the Railways ground
NA,MS Dhoni The Untold Story
NA,RT  MS Dhoni  The Untold Story continues to smash box office records
NA,RT  Mahendra Singh Dhoni will return to lead the side meaning Test captain Virat Kohli goes back into the ranks
NA,RT  A rare picture of MS Dhoni rejoicing and Dada blushing
NA,RT  EXCLUSIVE BO ReportPart 1 27 cr plus in 2nd week  2nd Week BO Collection Of MS DHONI
NA,RT  A rare picture of MS Dhoni rejoicing and Dada blushing
NA,Mahendra Singh Dhoni will return to lead the side meaning Test captain Virat Kohli goes back into the ranks
NA,India vs NZ Dhonis challenge is to replicate Test success in ODI series  Hindustan Times
NA,The Untold Story of the New Testament ChurchASR Martins Publishing  ASR Martins Publishing
NA,The Untold Story of the New Testament ChurchASR Martins Publishing  ASR Martins Publishing
NA,Bíonn saol lofa ag mainicíní go háirithe má tá siad ag obair le comhlacht Trump
NA,RT  Congratulations to all the winners of JerseyNumber7 contest on winning MS Dhoni The Untold Story movie vouchers h
NA,In pictures Dhoni back as Team India arrives in Dharamsala
NA,No Greater Ally The Untold Story of Polands Forces in World War II General Milita
NA,AsianSingles Dhoni from Dhoni Man from Singapore 37 years
NA,MS Dhoni challenges in ODI series against New Zealand INDvNZ PAKvWI BANvENG
NA,MS Dhoni biopic Virat Kohliampamp039s character was an integral part of movie until just before release S
NA,RT  Mahendra Singh Dhoni will return to lead the side meaning Test captain Virat Kohli goes back into the ranks
NA,Dhoni the king of cricket
NA,RT  In light of what we now know this is a compelling Must Read providing the background into Trumps emptiness
NA,king has never said he is god unlike dhonivishnumodishiv    any1 of you will win
NA,Absolutely no doubt Thala untold story is epic and ultimate than others
NA,Their intention is to give best combination for test matches  and worst combination for ODI to ouster Dhoni cheap politics within team
NA,JAB TAK Video Song  MS DHONI THE UNTOLD STORY  Armaan Malik Amaal   via  on roll love it
NA,IndNZ ODI Series Dhonis men will need to win the ODI series by a 41 margin to claim the third place on the ICC
NA,RT    today i mad for movie MS dhoni but she always crazy for u Plz reply
NA,RT  I Slogged a bit extra on my skills to compensate If you get interested in thatpls do watch the film sir
NA,"RT  Weekend  M S Dhoni  The Untold Story
  M S office  The Same Old Story
  Morning"
NA,Indeed the level of hard work put in the movie is just unimaginable  Thanks  Salute to you for such a matc
NA,RT  7 Dhoni
NA,RT  The Untold story behind two World cup finals   75 in 2007 WC Final  97 in 2011 WC final
NA,RT  I Slogged a bit extra on my skills to compensate If you get interested in thatpls do watch the film sir
NA,RT  MS dhoni क movie न यह आकड 9 दन100cr म पर कय थ और  ज क movie न मतर 6 दन म113cr Li
NA,RT  A rare picture of MS Dhoni rejoicing and Dada blushing
NA,RT  Great trailer of movie  MS DHONI the untold story  d best
NA,Dhoni rings at Box Office
NA,RT  Mahendra Singh Dhoni will return to lead the side meaning Test captain Virat Kohli goes back into the ranks
NA,RT  सकष क कस लग फलम MSDHONI म धन क पतन बन दश पटन क अभनय  जनन क लए कलक कर
NA,RT  7 m  dhoni
NA,RT  7 DHONI
NA,RT  A rare picture of MS Dhoni rejoicing and Dada blushing
NA,What are some good qualities of MS Dhoni
NA,RT   Vote for Dhoni songs
NA,Ee Dhoni fan paina picha kopam vasthundi emchesadu ra
NA,RT  Mahendra Singh Dhoni will return to lead the side meaning Test captain Virat Kohli goes back into the ranks
NA,RT  सकष क कस लग फलम MSDHONI म धन क पतन बन दश पटन क अभनय  जनन क लए कलक कर
NA,RT  CPIM goons brutally killed couples in the daylight reason they left CPIM amp associated with RSS Untold story of sa
NA,please sir go and watch ms dhoni the untold storyYour part is rocked in the  u sir
NA,RT   I loved your work in MS Dhoni
NA,RT  The first official teaser for ANDY The Untold Story of Andy Irons is here Watch it now
NA,RT  And without their front line seamers and spinners this fucking media wants dhoni to replicate the test series result
NA,Being interested OO  watching MS Dhoni The Untold Story
NA,RT  Their intention is to give best combination for test matches  and worst combination for ODI to ouster Dhoni cheap poli
NA,eppudu chudalede nuv dhoni ni pogadadam
NA,Engineering SpoofMSDHONI The untold Story Engineering Spoof   Video credit FoxStarIndia
NA,MS Dhoni The Untold Story 2nd Week Box Office Collection
NA,Watching  ஙகததடய வஜய The  Untold Story   18 should not watch  சமக கட
NA,RT  MS Dhoni  The Untold Story is now the highest earning biopic ever made in Indian cinema and it had collected 1127 Cr so f
NA,Hiwatched MS Dhoniso in love with you
NA,RT  MS Dhoni biggest earning biopic in Indian cinema claim makers  Congratulations Well deserved
NA,RT  10 Instances in MSDhoniTheUntoldStory where you will scream your hearts out
NA,RT
NA,Rajender Singh MS Dhonis World No 1 vs Virat Kohlis World No 1 A comparison    cheeku
NA,Ms dhoni thr untold story full hd movie  via
NA,RT  ODI T20 म धन क रपलसमट सह नह बलक य खलड हग
NA,RT   MS dhoni the album makes me feel so happythanks for giving us these types of song compositions
NA,MSDhoniTheUntoldStory learn
NA,RT  The first official teaser for ANDY The Untold Story of Andy Irons is here Watch it now
NA,Most ODI Runs For IND 18426 11221 10768 9378 8744 8237 7995 7212 5568
NA,Most ODI Runs For IND 18426 11221 10768 9378 8744 8237 7995 7212 5568
NA,RT  जस क फलम म भ दख बहद आम परवर स आन वल मह भ महनत स धन बन सकत ह
NA,Indian coach Kumble amp skipper Dhoni received a warm welcome at the team hotel in Dharamshala
NA,So trailers of Kaabil DearZindagi Befikre Dangal will b attached to ADHM I remember watching pink Dhoni shivaay bbd trailers with Rustom
NA,RT  VOTE Who Do You Feel Is The Real Man Of The Match Of 2011 World Cup Gambhir Or MS Dhoni
NA,U made me a more devoted fan of dhoni with ur stupendous phenomenal amp quintessential performance   Kudos to u DhoniUntoldStory
NA,RT  MS Dhoni biggest earning biopic in Indian cinema claim makers  Congratulations Well deserved
NA,EPIDEMIC  The Untold Story of Vaccines
NA,RT  At Rs 11691 cr MS Dhoni is the highest earning Bollywood biopic ever
NA,RT      describes among other things who Trump trusted Ivanka with when she modeled
NA,"RT  
 EPIDEMIC  The Untold Story of Vaccines"
NA,Help me bring Seed The Untold Story to Totem 8   with
NA,RT  Banished The Untold Story of Danney Williams Search For His Father  Alex Jones Infowar  ht
NA,RT  If players like Viru Yuvi bhajji are result of Dadas captaincy then Ashwin Jaddu Shami are result of Dhonis captaincy
NA,RT  MS Dhoni biggest earning biopic in Indian cinema claim makers  Congratulations Well deserved
NA,Nachos while eating MS Dhoni  the Untold story FineDiningFortnights
NA,RT  Are Serial killings in India under reported inadequate investigative apparatus creates an ideal ecosystem
NA,RT  MS Dhoni  The Untold Story is now the highest earning biopic ever made in Indian cinema and it had collected 1127 Cr so f
NA,Kholi with best possible eleven and dhoni with worst possible eleven indvsnz
NA,RT  Indeed the level of hard work put in the movie is just unimaginable  Thanks  Salute to you for such a matc
NA,RT  Indian coach Kumble amp skipper Dhoni received a warm welcome at the team hotel in Dharamshala
NA,"RT  MS Dhoni Returns as Ashwin and Jadeja Rested for First Three ODIs
 MSDhoni"
NA,RT  Kholi with best possible eleven and dhoni with worst possible eleven indvsnz
NA,RT  Indian coach Kumble amp skipper Dhoni received a warm welcome at the team hotel in Dharamshala
NA,RT  Indian coach Kumble amp skipper Dhoni received a warm welcome at the team hotel in Dharamshala
NA,RT  The first official teaser for ANDY The Untold Story of Andy Irons is here Watch it now
NA,RT  And without their front line seamers and spinners this fucking media wants dhoni to replicate the test series result
NA,RT  Their intention is to give best combination for test matches  and worst combination for ODI to ouster Dhoni cheap poli
NA,RT  I Slogged a bit extra on my skills to compensate If you get interested in thatpls do watch the film sir
NA,This one is precious  The Untold story behind two World cup finals Win for India
NA,RT  सकष क कस लग फलम MSDHONI म धन क पतन बन दश पटन क अभनय  जनन क लए कलक कर
NA,cricket ekuva chudanu but dhoni Sachin ante istam
NA,RT  EXCLUSIVE BO ReportPart 1 27 cr plus in 2nd week  2nd Week BO Collection Of MS DHONI
NA,RT     so true  i feel jealous of dhoni also Then i tweet saying saha is a bet
NA,mad dhobi the untold story Wk 9413 CR Wk 2735 CR  CR
NA,Hes showing by his classic 177that hes still capable to be in playing 11 indian cricket team
NA,MSDhoni
NA,नह जनत हग अमतभ क बट शवत स जड य Top secrets  Shweta Bachchan  The Untold Story
NA,RT  Kholi with best possible eleven and dhoni with worst possible eleven indvsnz
NA,RT  Beautiful ball pen sketch of MS Dhoni amp Virat Kohli by Shubham Dogra
NA,RT  MS dhoni क movie न यह आकड 9 दन100cr म पर कय थ और  ज क movie न मतर 6 दन म113cr Li
NA,नह जनत हग अमतभ क बट शवत स जड य Top secrets  Shweta Bachchan  The Untold Story
NA,मह न त इमसनल करदय  MSDhoni
NA,Most ODI Runs For IND 18426 11221 10768 9378 8744 8237 7995 7212 5568
NA,Indian team coach kumble and captain thala dhoni  to dharmasala  welcomed by the hotel management
NA,RT  The first official teaser for ANDY The Untold Story of Andy Irons is here Watch it now
NA,RT  Indian coach Kumble amp skipper Dhoni received a warm welcome at the team hotel in Dharamshala
NA,RT  जस क फलम म भ दख बहद आम परवर स आन वल मह भ महनत स धन बन सकत ह
NA,RT  The first official teaser for ANDY The Untold Story of Andy Irons is here Watch it now
NA,RT  The first official teaser for ANDY The Untold Story of Andy Irons is here Watch it now
NA,RT  Great trailer of movie  MS DHONI the untold story  d best
NA,RT  The first official teaser for ANDY The Untold Story of Andy Irons is here Watch it now
NA,Hi Sushant you have done a brilliant Job in MSDhoni movie I am big fan of you Thanks for making this movie special by your Act
NA,I backed The Untold Story of Andy Irons on  AIforever
NA,Indian team coach kumble and captain thala dhoni  to dharmasala  welcomed by the hotel management
NA,RT  MSDhoniTheUntoldStory Becomes The Highest Grossing Biopic Ever 2nd Week Box Office Report
NA,RT  The first official teaser for ANDY The Untold Story of Andy Irons is here Watch it now
NA,"Retweeted News18 
 Singh Dhoni will return to lead the side meaning Test captain Virat"
NA,RT  Awsuum movie ms dhoni ms dhonisushant Singh Rajput your work awsuum became yur fan  disha
NA,RT    MSDhoniTheUntoldStory learn
NA,RT  The first official teaser for ANDY The Untold Story of Andy Irons is here Watch it now
NA,RT  The first official teaser for ANDY The Untold Story of Andy Irons is here Watch it now
NA,Yassss yaass Conggo team MSDhoniTheUntoldStory
NA,"People should watch this series by Axel It is not just a deodorant campaign 
  The Untold Story"
NA,Andy The Untold Story of Andy Irons  This is going to be so heavy AIforever
NA,MS Dhoni  The Untold Story Becomes The Highest Grossing Biopic Ever 2nd Week Box Office Report  via
NA,RT  The first official teaser for ANDY The Untold Story of Andy Irons is here Watch it now
NA,RT  The first official teaser for ANDY The Untold Story of Andy Irons is here Watch it now
NA,I liked a  video from   MSDhoni  The Untold Story Movie  Spoof  Mahendra Singh
NA,RT  The first official teaser for ANDY The Untold Story of Andy Irons is here Watch it now
NA,அஜத பதத தரஞசசசநமம சடட மம வஜய பதததன இனனம சலலபடத untold story இரகக
NA,RT  The first official teaser for ANDY The Untold Story of Andy Irons is here Watch it now
NA,This Is How The Richest Cricketer Of India MS Dhoni Lives
NA,RT  Weekend  M S Dhoni  The Untold Story  M S Excel  The Same Old Story
NA,Mr Rajat I too had Confessed the Same feelings  A month ago and had to face similar outrage Fact
NA,RT  CPIM goons brutally killed couples in the daylight reason they left CPIM amp associated with RSS Untold story of sa
NA,RT  The first trailer for Andy The Untold Story has been released Watch the full trailer at  ht
NA,RT  The first official teaser for ANDY The Untold Story of Andy Irons is here Watch it now
NA,RT  The first official teaser for ANDY The Untold Story of Andy Irons is here Watch it now
NA,203 Billion Emails In A YearThe Untold Growth Story Of MailChimp by   growthhacking
NA,RT   CELEBRATES THE UNTOLD STORY OF MS DHONI Find your passion LoveWhatYouDo Be a winner
NA,I liked a  video  McDowells No1 Soda  Dhoni ki No1 Yaari
NA,RT  Watching  ஙகததடய வஜய The  Untold Story   18 should not watch  சமக கட
NA,jst watched msdhoni wat a grt performance by   doubt u r nxt big thing in indian cinema wat an inspirational film 1010
NA,RT  The first official teaser for ANDY The Untold Story of Andy Irons is here Watch it now
NA,RT  CPIM goons brutally killed couples in the daylight reason they left CPIM amp associated with RSS Untold story of sa
NA,"RT  As anyone say Dhoni the face that comes to mind 1st is  Dada Sahab Falke will be smiling2UProudSSRians"
NA,RT  The first official teaser for ANDY The Untold Story of Andy Irons is here Watch it now
NA,RT   biopic  classy reply shut down  dig at his looks
NA,RT  The first official teaser for ANDY The Untold Story of Andy Irons is here Watch it now
NA,The Untold Story of the Small Canadian Town That Was Haunted by Radio Transmissions
NA,watching MS Dhoni The Untold Story
NA,Sakshi DHONI liked my performance in MS Dhoni
NA,watching MS Dhoni The Untold Story
NA,RT  A rare picture of MS Dhoni rejoicing and Dada blushing
NA,MS Dhoni Returns as Ashwin and Jadeja Rested for First Three ODIs
NA,RT  indvsnz In Ashwin Shamis absence a challenge for Dhoni to replicate Test success in ODI series by
NA,Making plan yo see dhoni movie
NA,Box Office MS Dhoni has a good second week set to be third highest grosser of 2016  news
NA,will return to lead the side in the upcoming matches
NA,RT  WellPlayedSushant Fabulous performance by  in MSDhoniTheUntoldStory   bollywood
NA,So this is the end at least we would together again for awhile but still there is untold story left behind it is okay thanks dear
NA,RT  A rare picture of MS Dhoni rejoicing and Dada blushing
NA,RT  Sushant Singh Rajput was very good in MS Dhoni The last movie that made me cry was Udta Punjab  Katrina Kaif
NA,RT  A rare picture of MS Dhoni rejoicing and Dada blushing
NA,RT  Seed An Untold Story film by Taggart Siegel  ft  from our book Visions of the Living See
NA,RT  A rare picture of MS Dhoni rejoicing and Dada blushing
NA,i can see 1000 time  MSDhoni I m big fan of cricket amp dhoni Now im fan of urs Love u three
NA,"RT  PeoplesAssembly
 Freedom"
NA,MS DHONI
NA,Phenomenal runchase by Dhoni Against Australia
NA,RT  In light of what we now know this is a compelling Must Read providing the background into Trumps emptiness
NA,RT   lol dhoni record is in danger now
NA,Fabuloussorry Sushant but I didnt find any better word to express my love for ur performance in MS Dhoniyou were FABULOUS
NA,RT  A rare picture of MS Dhoni rejoicing and Dada blushing
NA,u ppl can make so many thalas bt no 1 orutharun dhoni madiri vara mudiyadu
NA,New Member Dhoni from  Dhoni Man from Singapore 37 years
NA,RT  The first official teaser for ANDY The Untold Story of Andy Irons is here Watch it now
NA,RT  ODI TEAM INDvNZ MS DhoniCapt Rohit Ajinkya Virat Manish Raina Hardik Axar Jayant Mishra Bumrah Dhawal Ume
NA,RT  People Who Feel MS Dhoni Is The BEST Biopic Might Not Have Seen Many Classic BIOPICS Favorite Would Be The Legend Of
NA,"RT  kt pattauna ramro anuhar chainna Mehanat garera famous vaye pugne raicha
 by Ms Dhoni The Untold Story"
NA,RT  Shop from   A brand by MS Dhoni exclusively available on Jabong amp get a chance to meet Dhonigt
NA,1 can copy someones acting but it is diff to copy someones game n u proved to be the perfect in playing the shots just like Dhoni
NA,RT  CPIM goons brutally killed couples in the daylight reason they left CPIM amp associated with RSS Untold story of sa
NA,RT  Sakshi DHONI liked my performance in MS Dhoni
NA,RT  Sakshi DHONI liked my performance in MS Dhoni
NA,RT  Sakshi DHONI liked my performance in MS Dhoni
NA,RT  Sakshi DHONI liked my performance in MS Dhoni
NA,RT  Sakshi DHONI liked my performance in MS Dhoni
NA,RT  Sakshi DHONI liked my performance in MS Dhoni
NA,RT  Sakshi DHONI liked my performance in MS Dhoni
NA,RT  Sakshi DHONI liked my performance in MS Dhoni
NA,RT  Sakshi DHONI liked my performance in MS Dhoni
NA,RT  Sakshi DHONI liked my performance in MS Dhoni
NA,RT   song From MS Dhoni movie
NA,RT  The first official teaser for ANDY The Untold Story of Andy Irons is here Watch it now
NA,ExactlyAnYearAgo    Indorediaries   Dhoni
NA,would love to see u as simple as dhoni in real life tooalways remember the last dialogue from dhonis father in the film
NA,RT  The first official teaser for ANDY The Untold Story of Andy Irons is here Watch it now
NA,RT  I Slogged a bit extra on my skills to compensate If you get interested in thatpls do watch the film sir
NA,RT  Anyone want PVR starpass for MS Dhoni movie
NA,Teaser du film sur AI qui sortira en 2017 Andy The Untold Story of Andy Irons
NA,RT  Dhoni looks so much better than the actor who plays him
NA,Ms dhoni the untold story  via
NA,There is no replacement for MS Dhoni in limited overs says former selector
NA,RT  Teaser du film sur AI qui sortira en 2017 Andy The Untold Story of Andy Irons
NA,RT  Happy Birthday  The WC Final Untold Story Cheers Have a Great life n nxt IPL  may win
NA,Proud to be ur fan sir Thank u for such an inspirational movie M S DHONI Followed since pavithra rishta
NA,RT  CPIM goons brutally killed couples in the daylight reason they left CPIM amp associated with RSS Untold story of sa
NA,RT  One of those times when Dhoni behaved like Yuvraj Singh amp Ganguly as Dhoni calm party
NA,"22 In Silchar
 Uchakkey11am5pm 11am340pm820pm Love 130pm610pm S Dhoni 140pm Patlu 745pm"
NA,MSDhoniTheUntoldStory 2nd Week Box Office Collection Report Good
NA,RT  MSDhoniTheUntoldStory 2nd Week Box Office Collection Report Good
NA,"Unlike the untold story of MSDhoni who had to leave his job of a TC to make it big in sports
 captain of"
NA,besabriyaan  listening to Besabriyaan Song  Ms Dhoni The Untold Story
NA,RT  So this is the end at least we would together again for awhile but still there is untold story left behind it is okay
NA,RT  When Yuvraj Singh Scored 358 Runs Against MS Dhoni As Shown In MS Dhoni  The Untold Story
NA,"RT  MS Dhoni Returns as Ashwin and Jadeja Rested for First Three ODIs
 MSDhoni"
NA,RT   CELEBRATES THE UNTOLD STORY OF MS DHONI Find your passion LoveWhatYouDo Be a winner
NA,RT  This is why MS Dhoni batted ahead of Yuvraj Singh in the final of World Cup 2011
NA,News18 Mahendra Singh Dhoni will return to lead the side meaning Test captain Virat Kohli goes back into  cheeku
NA,RT   Mr Dhoni  Please consider this as a request or your duty AmrapaliCheatedBuyers
NA,RT   CELEBRATES THE UNTOLD STORY OF MS DHONI Find your passion LoveWhatYouDo Be a winner
NA,Just finished The Noodlemaker of KalimpongThe untold story of my struggle for Tibet fridayreads
NA,RT  Happy Birthday  The WC Final Untold Story Cheers Have a Great life n nxt IPL  may win
NA,MS Dhoni challenge is to replicate Test success in ODI series Haryana Yadav has got the lookin largely due to hi
NA,Cricket khelta hua ball gutter ma chali gaye tu Dhoni pare
NA,RT
NA,RT  Chit Cricket Fun rapid fire game wid Dishapatani KiaraAdvani sushantsinghrajput dhoni MSdhonithefilm
NA,"CaptainCool MS Dhoni with his TeamIndia mates on the way to Dharamsala 
 Dhoni MSD"
NA,RT   JeetegaWahi  Dhoni
NA,Sodhi is rhyming word of dhoni
NA,Beautiful performance played with utmost simplicity  you perfectly suited the role of Dhonis sister Effortless simplicity
NA,RT  Sakshi DHONI liked my performance in MS Dhoni
NA,2nd week collections of MSDhoniTheUntoldStory
NA,RT  MSDhoniTheUntoldStory 2nd Week Box Office Collection Report Good
NA,RT  EXCLUSIVE BO ReportPart 1 27 cr plus in 2nd week  2nd Week BO Collection Of MS DHONI
NA,"A pic of CaptainCool MS Dhoni on his arrival in Dharamsala with TeamIndia
 Dhoni"
NA,Royal Buckingham International School Jakarta presents The Untold Story of The Witches of Oz Musical  via
NA,The untold story on how divorce affects the step children
NA,RT
NA,RT  MY REVIEW on LAST DAY of LoneStarLit Tour of HURTTHE INSPIRING UNTOLD STORY OF TRAUMA CARE by  w
NA,MSDhoni The Untold story Super duper hit
NA,RT  Hall Ways REVIEW of HURTTHE INSPIRINGUNTOLD STORY OF TRAUMA CARE by  LoneStarLit Tour Hint impressed
NA,RT  Hurt The Insiring Untold Story of Trauma Care    Tour Promo Review amp  on
NA,RT  Buy Hurt A doctor who writes authoritatively compassionately and compellingly
NA,yahthis week also ms Dhoni will scoremirzya bombedand not too many good Hindi films releasing
NA,MS Dhoni The Untold Story 2nd Week Collection Holds Strong Despite New Releases The post MS Dhoni The Untol
NA,MS Dhoni The Untold Story 2nd Week Collection Holds Strong Despite New Releases The post MS Dhoni The Untol
NA,MS Dhoni challenge is to replicate Test success in ODI series Haryana Yadav has got the lookin largely due to hi
NA,RT  MSDhoniTheUntoldStory Becomes The Highest Grossing Biopic Ever 2nd Week Box Office Report
NA,RT  Dhoni and Co arrives to Dharamsala for the first ODI vs New Zealand
NA,MSDhoniTheUntoldStory looks well set to cross Rustom and Airlifts box office collections
NA,MS DHONI 100 Run in 19 Ball  World Biggest Cricket Highlight  via
NA,RT  2nd week collections of MSDhoniTheUntoldStory
NA,RT  And without their front line seamers and spinners this fucking media wants dhoni to replicate the test series result
NA,RT  A rare picture of MS Dhoni rejoicing and Dada blushing
NA,Akki Sir Ke Sath Neeraj Panday Ne 34 Movies Ki Highest 122 Cr Hai Akki Sir Ki Or SSR Ke Sath Dhoni Ki Usne Sare Records Tod Diye Akki Ke
NA,At one day series india vs newzealand india going to lose series because this is a dhoni captaincy time dhoni is a loser
NA,RT  Sushant ne Dhoni ki biopic me  performance di
NA,RT   Vote for Dhoni songs
NA,Goutham Gambhir  memorable innings
NA,RT  MSDhoniTheUntoldStory Becomes The Highest Grossing Biopic Ever 2nd Week Box Office Report
NA,Gambhir
NA,please you leave captaincy dhoni kohli ko de do captaincy tmse kuch nahi ho raha hai tmhara captaincy me india haar ja raha hai plz
NA,RT  News18 Mahendra Singh Dhoni will return to lead the side meaning Test captain Virat Kohli goes back into
NA,"Ignasius Jonan
 Untold Story  Ingat AU Ingat 65 Ketika RRC Mengusir Singapura dari Natuna"
NA,MS Dhoni   boxoffice boxoffice msdhonitheuntoldstoryboxoffice msdhonitheuntoldbiopic msdhonitheuntoldstory
NA,We All Knew About the TraffickingThe Untold Story of Trump Model Management Part 1
NA,RT  A rare picture of MS Dhoni rejoicing and Dada blushing
NA,RT   Mam I am your huge fan since I watched MS Dhoni The untold story So I made this skech for u If u lik
NA,RT  Are Serial killings in India under reported inadequate investigative apparatus creates an ideal ecosystem
NA,RT  Sakshi DHONI liked my performance in MS Dhoni
NA,RT  CPIM goons brutally killed couples in the daylight reason they left CPIM amp associated with RSS Untold story of sa
NA,RT  MSDhoniTheUntoldStory 2nd Week Box Office Collection Report Good
NA,RT  Banished The Untold Story of Danney Williams Search For His Father  Alex Jones Infowar  ht
NA,"Ignasius Jonan
 Untold Story  Ingat AU Ingat 65 Ketika RRC Mengusir Singapura dari"
NA,RT  Absolutely no doubt Thala untold story is epic and ultimate than others
NA,MSGTHEWARRIORLIONHEART एक हफत म ह MS DHONI THE UNTOLD STORY क पछ छड  11362 Cr in 7 Days DHONI 1127 Cr In 11 Days
NA,RT   MS Dhoni untold story movies awesome  I give 5 out 5 star
NA,RT  Happy Birthday  The WC Final Untold Story Cheers Have a Great life n nxt IPL  may win
NA,RT  The Untold story behind two World cup finals   75 in 2007 WC Final  97 in 2011 WC final
NA,RT  He is one of the reason for IND to win WC2011 bt every one busy in appriciating dhoni
NA,RT  VOTE Who Do You Feel Is The Real Man Of The Match Of 2011 World Cup Gambhir Or MS Dhoni
NA,MS Dhoni challenge is to replicate Test success in ODI series Haryana Yadav has got the lookin largely due to hi
NA,I liked a  video from   MSDhoni  The Untold Story Movie  Spoof  Mahendra Singh
NA,i tink dhoni 1ly realy nd hrtly standing aside alwys aftr wining d series bt odr captains i wont acpt nd i nevr agre
NA,What are the best lines said by MS Dhoni by Kranti Prakash
NA,MS Dhoni  The Untold Story 2nd Week Box Office Collection Good 12145 Crore
NA,What are the best lines said by MS Dhoni by Kranti Prakash
NA,RT   MS dhoni the album makes me feel so happythanks for giving us these types of song compositions
NA,RT
NA,RT  VOTE Who Do You Feel Is The Real Man Of The Match Of 2011 World Cup Gambhir Or MS Dhoni
NA,The Untold Story Of Trees
NA,RT  MakeMeSmileIn3Words Dhoni Dhoni Dhoni
NA,RT  HeyAwesome so lovelyI am a big fan of yours
NA,Great movie it wasthanx to the director of MS DHONI really love to see what we want to seereal life is matter MSDhoniTheUntoldStory
NA,RT  VOTE Who Do You Feel Is The Real Man Of The Match Of 2011 World Cup Gambhir Or MS Dhoni
NA,RT  MSDhoniTheUntoldStory 2nd Week Box Office Collection Report Good
NA,Real Life Pic Of MS Dhoni amp His Friend lt3
NA,RT  I Slogged a bit extra on my skills to compensate If you get interested in thatpls do watch the film sir
NA,RT  VOTE Who Do You Feel Is The Real Man Of The Match Of 2011 World Cup Gambhir Or MS Dhoni
NA,RT  EXCLUSIVE BO ReportPart 1 27 cr plus in 2nd week  2nd Week BO Collection Of MS DHONI
NA,RT  Sakshi Aaja Mahiya ooohh Aaja Maahiya aaaja
NA,RT  CPIM goons brutally killed couples in the daylight reason they left CPIM amp associated with RSS Untold story of sa
NA,RT  VOTE Who Do You Feel Is The Real Man Of The Match Of 2011 World Cup Gambhir Or MS Dhoni
NA,ms dhoni
NA,When you got to publish an article with zero fact checking  FFS it says Sehwag and Gambhir were attacking bowlers
NA,RT  Shop from   A brand by MS Dhoni exclusively available on Jabong amp get a chance to meet Dhonigt
NA,RT  A rare picture of MS Dhoni rejoicing and Dada blushing
NA,RT  Dhoni and Co arrives to Dharamsala for the first ODI vs New Zealand
NA,RT  A rare picture of MS Dhoni rejoicing and Dada blushing
NA,Superb Song  listening to Ninne Tholi Prema Lo  MS Dhoni
NA,Years of hard work by the best friends Introducing the andyirons trailer
NA,thats nice like dhoni maar raha hain and maahi maar rahi hain
NA,The true story of Britannia is worth a read
NA,I reviewed M S Dhoni The Untold Story 45 Earn Rs40 per review WriteShareWin  via
NA,RT
NA,RT  MS dhoni क movie न यह आकड 9 दन100cr म पर कय थ और  ज क movie न मतर 6 दन म113cr Li
NA,NewZealand EiSamay
NA,dhoni fan  but the Man of the match was GG  That inning was the played under immense pressure
NA,RT  A rare picture of MS Dhoni rejoicing and Dada blushing
NA,RT  A rare picture of MS Dhoni rejoicing and Dada blushing
NA,On this Day in 2015 9286
NA,What does Mahendra Singh Dhonis brother do
NA,dhoni retirement
NA,RT  The Untold story behind two World cup finals   75 in 2007 WC Final  97 in 2011 WC final
NA,RT  Beautiful ball pen sketch of MS Dhoni amp Virat Kohli by Shubham Dogra
NA,RT   CELEBRATES THE UNTOLD STORY OF MS DHONI Find your passion LoveWhatYouDo Be a winner
NA,Whom will you choose choice dhoni
NA,RT   CELEBRATES THE UNTOLD STORY OF MS DHONI Find your passion LoveWhatYouDo Be a winner
NA,RT  Dhoni and Co arrives to Dharamsala for the first ODI vs New Zealand
NA,RT  Shop from   A brand by MS Dhoni exclusively available on Jabong amp get a chance to meet Dhonigt
NA,Veer Savarkar the untold story of a British patriot
NA,RT  VOTE Who Do You Feel Is The Real Man Of The Match Of 2011 World Cup Gambhir Or MS Dhoni
NA,The player who gave his all to lift India WorldCup but politics in cricketHBD   but  now  Warrio
NA,RT  Indian team coach kumble and captain thala dhoni  to dharmasala  welcomed by the hotel management
NA,First Dhoni doesnt deserve Bio Pic He played too much politics after 2010ampunethical conduct as partial captain
NA,BANISHED  The Untold Story of Danney Williams  via
NA,RT  People Who Feel MS Dhoni Is The BEST Biopic Might Not Have Seen Many Classic BIOPICS Favorite Would Be The Legend Of
NA,RT  Veer Savarkar the untold story of a British patriot
NA,Finish Forty and Home The Untold World War II Story of B24s in the Pacific M
NA,I liked a  video from   MSDhoni  The Untold Story Movie  Spoof  Mahendra Singh
NA,Original Gangstas The Untold Story of Dr Dre EazyE Ice Cube Tupac Shakur and t
NA,RT  HeyAwesome so lovelyI am a big fan of yours
NA,Finish Forty and Home The Untold World War II Story of B24s in the Pacific M
NA,Finish Forty and Home The Untold World War II Story of B24s in the Pacific M
NA,I reviewed M S Dhoni The Untold Story 45 Earn Rs40 per review WriteShareWin  via
NA,RT  VOTE Who Do You Feel Is The Real Man Of The Match Of 2011 World Cup Gambhir Or MS Dhoni
NA,RT  BANISHED  The Untold Story of Danney Williams  via
NA,RT  Indian team coach kumble and captain thala dhoni  to dharmasala  welcomed by the hotel management
NA,KAUN TUJHE Video   M S  DHONI  THE UNTOLD STORY  via
NA,RT  A rare picture of MS Dhoni rejoicing and Dada blushing
NA,08 Disha Patani And Tiger Shroff Watch MS Dhoni The Untold Story Together  via
NA,Box Office MS Dhoni has a good second week set to be third highest grosser of 2016  news
NA,MS Dhoni was first drafted to the national side during Indias tour to Bangladesh in 2004
NA,Dhoni is chutiya and i dont like this selfish person
NA,RT  MS Dhoni was first drafted to the national side during Indias tour to Bangladesh in 2004
NA,RT  Congratulations to all the winners of JerseyNumber7 contest on winning MS Dhoni The Untold Story movie vouchers h
NA,MS Dhoni was first drafted to the national side during Indias tour to Bangladesh in 2004
NA,RT  MS Dhoni was first drafted to the national side during Indias tour to Bangladesh in 2004
NA,Those People Who Feel MS Dhoni Is The BEST Biopic Till Now Might Not Have Seen Many Classic BIOPICS
NA,RT  I Slogged a bit extra on my skills to compensate If you get interested in thatpls do watch the film sir
NA,MS Dhoni was first drafted to the national side during Indias tour to Bangladesh in 2004
NA,MS Dhoni was first drafted to the national side during Indias tour to Bangladesh in 2004
NA,MS Dhoni was first drafted to the national side during Indias tour to Bangladesh in 2004
NA,MS Dhoni was first drafted to the national side during Indias tour to Bangladesh in 2004
NA,RT  A rare picture of MS Dhoni rejoicing and Dada blushing
NA,MS Dhoni was first drafted to the national side during Indias tour to Bangladesh in 2004
NA,RT this tweet and REPLY with DHONI IS THE BEST FINISHER for a followback
NA,Without gambhir dhoni wouldve never become a great captain HappyBirthdayGambhir
NA,MS Dhoni was first drafted to the national side during Indias tour to Bangladesh in 2004
NA,MS Dhoni was first drafted to the national side during Indias tour to Bangladesh in 2004
NA,Dhoni became successful because he went for his passion
NA,RT   MS dhoni the album makes me feel so happythanks for giving us these types of song compositions
NA,RT  I Slogged a bit extra on my skills to compensate If you get interested in thatpls do watch the film sir
NA,I just voted for Besabriyaan from MS Dhoni Groove to MirchiTop20  via
NA,RT  A rare picture of MS Dhoni rejoicing and Dada blushing
NA,RT   Vote for Dhoni songs
NA,RT  Dhoni Untold Story dekhne ke baad to Sushant ka fan ban gaya
NA,RT  Dhoni looks so much better than the actor who plays him
NA,RT  MSDhoni The Untold story Super duper hit
NA,MS Dhoni was first drafted to the national side during Indias tour to Bangladesh in 2004
NA,MS Dhoni was first drafted to the national side during Indias tour to Bangladesh in 2004
NA,I just voted for KaunTujhe from MS Dhoni Groove to MirchiTop20  via
NA,After watching the movie MS Dhoni do you think Sushant Singh Rajput has exactly copied Dhoni by Shirish Utage
NA,Its on loop for me since a month now and it still cant get enough of it  YOU CREATE MAGIC
NA,The untold story of Pakistans blasphemy law
NA,Rasmi Filimka MS Dhoni  The Untold Story Iyo Todobaadkiisa Labaad Lacagaha Uu Gudaha Hindiya Ka Keenay
NA,RT  A rare picture of MS Dhoni rejoicing and Dada blushing
NA,RT  Their intention is to give best combination for test matches  and worst combination for ODI to ouster Dhoni cheap poli
NA,45 Review on M by mkbhoria
NA,45 Review on M by mkbhoria  Realstrory
NA,RT  2nd week collections of MSDhoniTheUntoldStory
NA,55 Review on M by kishoremanu312
NA,55 Review on M by vaibhav619
NA,RT  Captain Cool  T20 International stats MSDhoni Dhoni TeamIndia cricket Click here gtgt
NA,55 Review on M by niksmaurya  HatsofftoMSDhoni
NA,45 Review on M by raishivam246
NA,45 Review on M by guptavivek7232  Bestmovieoftheyear
NA,45 Review on M by guptavivek7232
NA,45 Review on M by robhirad
NA,45 Review on M by robhirad  ImpressiveMovie
NA,RT  I Slogged a bit extra on my skills to compensate If you get interested in thatpls do watch the film sir
NA,45 Review on M by asbcpt
NA,45 Review on M by asbcpt  Msdhonimyopinion
NA,RT  Captain Cool  T20 International stats MSDhoni Dhoni TeamIndia cricket Click here gtgt
NA,the fact of the matter is that evn in his initial phase of career he have more fans thn eew
NA,yaa MS Dhoni is wonderful movie amp its song are very nice for more about disha just click
NA,I swear MS Dhoni album is damn addictive Cant stop listening to it
NA,55 Review on M by vickybhandare123
NA,55 Review on M by vickybhandare123  Ilovethismovie
NA,55 Review on M by pujashivdasranchi
NA,55 Review on M by pujashivdasranchi  Captancooll
NA,55 Review on M by ankitsingh2523  AwesomeMovie
NA,1
NA,RT  Its on loop for me since a month now and it still cant get enough of it  YOU CREATE MAGIC
NA,ditto
NA,RT  I swear MS Dhoni album is damn addictive Cant stop listening to it
NA,RT  I just voted for KaunTujhe from MS Dhoni Groove to MirchiTop20  via
NA,DHONI IS THE BEST FINISHER
NA,RT  RT this tweet and REPLY with DHONI IS THE BEST FINISHER for a followback
NA,Clinton Cash The Untold Story of How and Why Foreign Governments and Businesses Helped Make Bill and Hillary Rich
NA,RT  SSR was absolutely fabulous but it was the closing scene featuring MS Dhoni that was simply Awesome
NA,RT  MS dhoni क movie न यह आकड 9 दन100cr म पर कय थ और  ज क movie न मतर 6 दन म113cr Li
NA,MS Dhoni is my hero  Jos Buttler
NA,RT  Dhoni movie will be an inspiration for youngsters Specially girls who want to hook up w cricketers theyll just pretend
NA,Clearly u hve different opinion on virat n dhoni captaincy wen dhawan in test n raina in odi were picked leaving ga
NA,If u didnt like MS Dhoni the movie then u have 2 work on ur intelligence level  Its not ur fault BTW n plz Lrn sm ethics
NA,Flipkart was like MS Dhoni Silence until the day before committed delivery then order shipped and delivered in 1
NA,RT  1
NA,RT  ditto
NA,RT  I Slogged a bit extra on my skills to compensate If you get interested in thatpls do watch the film sir
NA,RT  MSGTHEWARRIORLIONHEART एक हफत म ह MS DHONI THE UNTOLD STORY क पछ छड  11362 Cr in 7 Days DHONI 1
NA,RT  When HARD WORK meets DESTINY you get MAHENDRA SINGH DHONI
NA,MS Dhoniled Indian team arrives in Dharamsala for 1st ODI against New Zealand
NA,RT   gets sleazier and sleazier
NA,sing this song Phir Kabhi from M S Dhoni The Untold Story
NA,The Untold Story Of Two Early Facebook Investors
NA,Untold story of the deal that yielded the rescue of 21 Chibok girls
NA,Gambhir
NA,Untold story of the deal that yielded the rescue of 21 Chibok girls
NA,RT  A rare picture of MS Dhoni rejoicing and Dada blushing
NA,Dhoni Unseen
NA,RT  Untold story of the deal that yielded the rescue of 21 Chibok girls
NA,RT  Seed An Untold Story film by Taggart Siegel  ft  from our book Visions of the Living See
NA,पढय सशत सह रजपत क जवब ज उनहन रजत कपर क कमट पर दय ह  Kapoor
NA,RT  Untold story of the deal that yielded the rescue of 21 Chibok girls
NA,RT  A rare picture of MS Dhoni rejoicing and Dada blushing
NA,RT  1
NA,RT  Untold story of the deal that yielded the rescue of 21 Chibok girls
NA,RT  VOTE Who Do You Feel Is The Real Man Of The Match Of 2011 World Cup Gambhir Or MS Dhoni
NA,Untold story of the deal that yielded the rescue of 21 Chibok girls
NA,The Untold Story Of      वशवस कमर शरम कस बन डकमर वशवस  via
NA,Untold story of the deal that yielded the rescue of 21 Chibok girls
NA,Besabriyaan from MS Dhoni ranks 11 on the MirchiTop20 Check it out   Besabriyaan via
NA,RT  MSDhoniTheUntoldStory 2nd Week Box Office Collection Report Good
NA,Check out new work on my  portfolio Ms Dhoni  Photo Manipulation
NA,RT  RT this tweet and REPLY with DHONI IS THE BEST FINISHER for a followback
NA,DHONI IS THE BEST FINISHER
NA,MS Dhoni turns out a surprisingly good film after the Azhar fiasco Despite being 3 hours long it doesnt have a single flaccid moment
NA,The untold story of Pakistans blasphemy law
NA,RT  I Slogged a bit extra on my skills to compensate If you get interested in thatpls do watch the film sir
NA,RT  CPIM goons brutally killed couples in the daylight reason they left CPIM amp associated with RSS Untold story of sa
NA,RT  Untold story of the deal that yielded the rescue of 21 Chibok girls
NA,RT  I Slogged a bit extra on my skills to compensate If you get interested in thatpls do watch the film sir
NA,RT  RT this tweet and REPLY with DHONI IS THE BEST FINISHER for a followback
NA,MS Dhoni
NA,"After success with MS Dhonis biopic here is one more biopic from Sushant Singh Rajput
 you guess whos the"
NA,"RT  A pic of CaptainCool MS Dhoni on his arrival in Dharamsala with TeamIndia
 Dhoni"
NA,"RT  CaptainCool MS Dhoni with his TeamIndia mates on the way to Dharamsala 
 Dhoni MSD"
NA,RT  Indian team coach kumble and captain thala dhoni  to dharmasala  welcomed by the hotel management
NA,Untold story of the deal that yielded the rescue of 21 Chibok girls
NA,RT  Untold story of the deal that yielded the rescue of 21 Chibok girls
NA,"RT  CaptainCool MS Dhoni with his TeamIndia mates on the way to Dharamsala 
 Dhoni MSD"
NA,RT  MS dhoni क movie न यह आकड 9 दन100cr म पर कय थ और  ज क movie न मतर 6 दन म113cr Li
NA,Dhoni 9 matches 483 avg 9 matches 436 avg m WC
NA,Untold story of the deal that yielded the rescue of 21 Chibok girls
NA,Untold story of the deal that yielded the rescue of 21 Chibok girls
NA,Untold story of the deal that yielded the rescue of 21 Chibok girls
NA,Untold story of the deal that yielded the rescue of 21 Chibok girls
NA,Premium Times Untold story of the deal that yielded the rescue of 21 Chibok girls
NA,"Latest News
 Dhoni Returns as Ashwin and Jadeja Rested for First Three ODIs"
NA,AMBBFG026NG Untold story of the deal that yielded the rescue of 21 Chibok girls The military did  AmbBFG
NA,PremiumTimes Untold story of the deal that yielded the rescue of 21 Chibok girls The military did not lear
NA,"Latest News
 Dhoni Returns as Ashwin and Jadeja Rested for First Three ODIs"
NA,PremiumTimes Untold story of the deal that yielded the rescue of 21 Chibok girls The military did not lear
NA,NigerianYoot Untold story of the deal that yielded the rescue of 21 Chibok girls The military did not learn
NA,Untold story of the deal that yielded the rescue of 21 Chibok girls
NA,Untold story of the deal that yielded the rescue of 21 Chibok girls The military did not learn about the ope
NA,Untold story of the deal that yielded the rescue of 21 Chibok girls The military did not  Via
NA,Untold story of the deal that yielded the rescue of 21 Chibok girls The military did not learn about the ope
NA,IGMhngFarabz Untold story of the deal that yielded the rescue of 21 Chibok girls The military did not le
NA,Untold story of the deal that yielded the rescue of 21 Chibok girls The military did not learn about the ope
NA,Untold story of the deal that yielded the rescue of 21 Chibok girls The military did not learn about the ope
NA,Introducing the untold story of Andy Irons  SURFING Magazine
NA,Untold story of the deal that yielded the rescue of 21 Chibok girls The military did not learn about the ope
NA,Untold story of the deal that yielded the rescue of 21 Chibok girls The military did not learn about the ope
NA,Untold story of the deal that yielded the rescue of 21 Chibok girls The military did not learn about the ope
NA,Untold story of the deal that yielded the rescue of 21 Chibok girls The military did not learn about the ope
NA,Untold story of the deal that yielded the rescue of 21 Chibok girls The military did not learn about the ope
NA,Untold story of the deal that yielded the rescue of 21 Chibok girls
NA,RT  Its on loop for me since a month now and it still cant get enough of it  YOU CREATE MAGIC
NA,RT  I just voted for KaunTujhe from MS Dhoni Groove to MirchiTop20  via
NA,Untold story of the deal that yielded the rescue of 21 Chibok girls
NA,I liked a  video  Beat 52 Kaun Tujhe MS Dhoni Theme IndianRampBRapHip hop Instrumental music
NA,RT  VOTE Who Do You Feel Is The Real Man Of The Match Of 2011 World Cup Gambhir Or MS Dhoni
NA,EPIDEMIC  The Untold Story of Vaccines
NA,EPIDEMIC  The Untold Story of Vaccines
NA,RT    OW WowLionHeart only 7th days collection of  100cr and MS dhonis movie completed in
NA,RT  A rare picture of MS Dhoni rejoicing and Dada blushing
NA,u didnt said anything abt dhoni captaincy when he selected raina instead of yuvi bt u wer quick to criticised virat on dhawan
NA,Untold story of the deal that yielded the rescue of 21 Chibok girls   PT
NA,RT  I just voted for KaunTujhe from MS Dhoni Groove to MirchiTop20  via
NA,RT  Its on loop for me since a month now and it still cant get enough of it  YOU CREATE MAGIC
NA,Untold story of the deal that yielded the rescue of 21 Chibok girls
NA,Untold story of the deal that yielded the rescue of 21 Chibok girls
NA,Sushant Singh Rajput as Dhoni comes up with a stupendous performance The girls Disha and Kiara are ideally cast in their respective roles
NA,LatestNews Untold story of the deal that yielded the rescue of 21 Chibok girls
NA,The Untold Story Of Dr Kumar Vishwas     वशवस कमर शरम कस बन डकमर वशवस
NA,All dhoni bhakts r silent when dhoni selects raina instead of yuvi ReplaceRainaWithYuvi
NA,RT  MSDhoniTheUntoldStory looks well set to cross Rustom and Airlifts box office collections
NA,We All Knew About the TraffickingThe Untold Story of Trump Model Management Part 1  HumanTrafficking NotOkay
NA,RT  Teacher Tell me the name of any Product Excel Word Powerpoint thinking a
NA,I became fan of yoursAfter the movie one of my friend said Sushant was really very good  I replied yupp that was Dhoni
NA,"Weekend  M S Dhoni  The Untold Story
  M S Excel  The Same Old Story"
NA,EPIDEMIC  The Untold Story of Vaccines
NA,HBD Gautam ka toh log toh gautam ko vote dega
NA,why RU hating dhoni man
NA,RT  LiveOnFacebook Sushant Singh Rajput was very good in MS Dhoni The last movie that made me cry was Udta Punjab  Ka
NA,RT  BANISHED  The Untold Story of Danney Williams  via
NA,Hi Gautam Singh 86433f5974104b6
NA,RT  Shop from   A brand by MS Dhoni exclusively available on Jabong amp get a chance to meet Dhonigt
NA,indha vechiko unga aalu ranji le kuda 200 adikka maatran Australia spelling theriyuma Dhoni 200 vs Aus P
NA,RT  MS dhoni क movie न यह आकड 9 दन100cr म पर कय थ और  ज क movie न मतर 6 दन म113cr Li
NA,RT  The first trailer for Andy The Untold Story has been released Watch the full trailer at  ht
NA,RT  RT this tweet and REPLY with DHONI IS THE BEST FINISHER for a followback
NA,RT  Untold story of the deal that yielded the rescue of 21 Chibok girls
NA,MS Dhoni feels he can still run fast and is fit enough at 35
NA,RT  A rare picture of MS Dhoni rejoicing and Dada blushing
NA,RT  MS Dhoni feels he can still run fast and is fit enough at 35
NA,RT  CPIM goons brutally killed couples in the daylight reason they left CPIM amp associated with RSS Untold story of sa
NA,RT  The first official teaser for ANDY The Untold Story of Andy Irons is here Watch it now
NA,RT  CPIM goons brutally killed couples in the daylight reason they left CPIM amp associated with RSS Untold story of sa
